problem size,openMP,CBLAS
1024,4464.204255,13107.2
2048,4713.851685,15827.56226
4096,8028.355981,8581.696164
8192,9840.609971,7266.796318
16384,9324.197569,7963.080866
