problem size,omp-1,omp-4,omp-16,omp-64
1024,1,2.01369863,6.255319149,3.675
2048,1,3.260989011,6.668539326,5.818627451
4096,1,3.701631702,11.39712919,10.05063291
8192,1,3.919368076,14.00513196,13.12920962
16384,1,3.973533694,13.27179576,13.04746457
